{
    "1": [
        86,
        26,
        80,
        21,
        24,
        58,
        15,
        8,
        51,
        77
    ],
    "2": [
        24,
        95,
        78,
        14,
        47,
        70,
        21,
        50,
        15,
        10
    ],
    "3": [
        81,
        34,
        54,
        45,
        82,
        92,
        43,
        38,
        77,
        33
    ],
    "4": [
        37,
        21,
        36,
        8,
        74,
        15,
        59,
        93,
        29,
        41
    ],
    "5": [
        65,
        17,
        30,
        32,
        64,
        76,
        37,
        28,
        42,
        46
    ],
    "6": [
        16,
        45,
        43,
        39,
        91,
        3,
        99,
        61,
        13,
        7
    ],
    "7": [
        58,
        98,
        63,
        84,
        55,
        35,
        71,
        66,
        25,
        60
    ],
    "8": [
        63,
        59,
        4,
        21,
        61,
        1,
        60,
        38,
        18,
        89
    ],
    "9": [
        56,
        91,
        85,
        52,
        44,
        67,
        16,
        10,
        49,
        69
    ],
    "10": [
        2,
        78,
        55,
        32,
        24,
        70,
        80,
        9,
        47,
        48
    ],
    "11": [
        73,
        59,
        29,
        65,
        95,
        68,
        27,
        16,
        23,
        20
    ],
    "12": [
        22,
        23,
        67,
        3,
        53,
        99,
        77,
        33,
        46,
        43
    ],
    "13": [
        31,
        16,
        42,
        45,
        78,
        24,
        3,
        43,
        51,
        38
    ],
    "14": [
        80,
        100,
        37,
        2,
        36,
        47,
        50,
        54,
        79,
        69
    ],
    "15": [
        21,
        74,
        34,
        2,
        40,
        28,
        4,
        36,
        55,
        41
    ],
    "16": [
        6,
        32,
        13,
        66,
        97,
        91,
        11,
        5,
        49,
        43
    ],
    "17": [
        48,
        30,
        5,
        32,
        54,
        73,
        35,
        38,
        18,
        46
    ],
    "18": [
        17,
        8,
        48,
        82,
        85,
        1,
        86,
        14,
        89,
        38
    ],
    "19": [
        84,
        63,
        58,
        71,
        94,
        35,
        55,
        7,
        25,
        60
    ],
    "20": [
        73,
        75,
        23,
        29,
        56,
        47,
        11,
        74,
        1,
        2
    ],
    "21": [
        15,
        78,
        53,
        74,
        36,
        2,
        1,
        4,
        26,
        8
    ],
    "22": [
        80,
        67,
        99,
        82,
        78,
        1,
        86,
        31,
        12,
        89
    ],
    "23": [
        29,
        96,
        53,
        42,
        88,
        75,
        11,
        20,
        12,
        69
    ],
    "24": [
        2,
        54,
        88,
        78,
        99,
        1,
        50,
        48,
        91,
        10
    ],
    "25": [
        98,
        71,
        35,
        55,
        58,
        63,
        66,
        84,
        60,
        7
    ],
    "26": [
        88,
        1,
        39,
        21,
        65,
        73,
        48,
        68,
        82,
        33
    ],
    "27": [
        11,
        39,
        85,
        23,
        64,
        79,
        81,
        76,
        33,
        12
    ],
    "28": [
        62,
        74,
        83,
        67,
        15,
        93,
        32,
        5,
        37,
        69
    ],
    "29": [
        86,
        23,
        64,
        11,
        56,
        4,
        52,
        20,
        41,
        38
    ],
    "30": [
        54,
        31,
        17,
        51,
        5,
        72,
        3,
        82,
        42,
        43
    ],
    "31": [
        61,
        34,
        92,
        30,
        53,
        93,
        13,
        72,
        79,
        51
    ],
    "32": [
        74,
        16,
        5,
        17,
        78,
        90,
        64,
        84,
        28,
        10
    ],
    "33": [
        79,
        26,
        67,
        3,
        52,
        34,
        31,
        61,
        27,
        12
    ],
    "34": [
        31,
        100,
        61,
        3,
        15,
        93,
        72,
        36,
        57,
        33
    ],
    "35": [
        66,
        97,
        90,
        84,
        55,
        63,
        71,
        94,
        60,
        7
    ],
    "36": [
        52,
        73,
        21,
        62,
        75,
        14,
        50,
        74,
        4,
        34
    ],
    "37": [
        4,
        14,
        99,
        64,
        78,
        82,
        39,
        74,
        5,
        28
    ],
    "38": [
        17,
        3,
        8,
        45,
        97,
        29,
        81,
        13,
        18,
        51
    ],
    "39": [
        26,
        97,
        74,
        6,
        37,
        85,
        91,
        27,
        49,
        43
    ],
    "40": [
        99,
        50,
        52,
        15,
        73,
        48,
        55,
        76,
        82,
        18
    ],
    "41": [
        86,
        45,
        100,
        4,
        15,
        29,
        64,
        81,
        74,
        87
    ],
    "42": [
        53,
        23,
        30,
        64,
        50,
        59,
        13,
        75,
        5,
        92
    ],
    "43": [
        6,
        3,
        13,
        16,
        96,
        45,
        67,
        30,
        70,
        12
    ],
    "44": [
        56,
        48,
        47,
        65,
        14,
        68,
        87,
        9,
        11,
        57
    ],
    "45": [
        6,
        3,
        99,
        13,
        82,
        30,
        41,
        38,
        43,
        51
    ],
    "46": [
        87,
        5,
        17,
        65,
        99,
        34,
        35,
        62,
        77,
        12
    ],
    "47": [
        67,
        80,
        2,
        48,
        56,
        14,
        100,
        44,
        20,
        10
    ],
    "48": [
        17,
        47,
        44,
        99,
        73,
        24,
        26,
        18,
        89,
        10
    ],
    "49": [
        87,
        16,
        91,
        39,
        56,
        9,
        69,
        67,
        25,
        38
    ],
    "50": [
        53,
        76,
        40,
        73,
        36,
        95,
        14,
        2,
        24,
        42
    ],
    "51": [
        30,
        13,
        31,
        82,
        54,
        1,
        3,
        86,
        34,
        38
    ],
    "52": [
        36,
        73,
        99,
        40,
        79,
        80,
        81,
        76,
        89,
        33
    ],
    "53": [
        21,
        42,
        50,
        31,
        23,
        14,
        92,
        15,
        12,
        69
    ],
    "54": [
        30,
        24,
        3,
        88,
        17,
        65,
        14,
        36,
        47,
        51
    ],
    "55": [
        58,
        84,
        35,
        66,
        97,
        63,
        71,
        7,
        25,
        60
    ],
    "56": [
        9,
        44,
        85,
        47,
        29,
        74,
        73,
        20,
        69,
        49
    ],
    "57": [
        87,
        100,
        59,
        85,
        34,
        11,
        95,
        76,
        47,
        41
    ],
    "58": [
        55,
        84,
        19,
        97,
        98,
        63,
        35,
        7,
        25,
        60
    ],
    "59": [
        95,
        100,
        8,
        11,
        42,
        35,
        4,
        1,
        23,
        57
    ],
    "60": [
        63,
        35,
        55,
        58,
        71,
        66,
        84,
        90,
        25,
        7
    ],
    "61": [
        31,
        72,
        100,
        62,
        34,
        74,
        78,
        92,
        8,
        33
    ],
    "62": [
        74,
        61,
        64,
        28,
        36,
        84,
        72,
        78,
        93,
        46
    ],
    "63": [
        66,
        90,
        84,
        35,
        55,
        58,
        71,
        60,
        7,
        25
    ],
    "64": [
        62,
        29,
        37,
        32,
        42,
        5,
        86,
        81,
        17,
        41
    ],
    "65": [
        68,
        5,
        54,
        26,
        32,
        11,
        87,
        44,
        82,
        46
    ],
    "66": [
        84,
        35,
        97,
        63,
        98,
        55,
        58,
        7,
        25,
        60
    ],
    "67": [
        47,
        22,
        28,
        16,
        34,
        33,
        12,
        77,
        43,
        49
    ],
    "68": [
        65,
        26,
        11,
        44,
        36,
        14,
        59,
        23,
        64,
        87
    ],
    "69": [
        96,
        79,
        14,
        23,
        56,
        28,
        34,
        53,
        75,
        49
    ],
    "70": [
        2,
        81,
        3,
        75,
        80,
        95,
        78,
        1,
        10,
        43
    ],
    "71": [
        94,
        84,
        63,
        66,
        35,
        55,
        58,
        25,
        7,
        60
    ],
    "72": [
        61,
        86,
        30,
        31,
        34,
        91,
        62,
        78,
        76,
        33
    ],
    "73": [
        52,
        36,
        50,
        11,
        99,
        17,
        26,
        48,
        56,
        20
    ],
    "74": [
        62,
        15,
        32,
        21,
        61,
        28,
        36,
        4,
        41,
        20
    ],
    "75": [
        99,
        36,
        96,
        81,
        70,
        90,
        42,
        23,
        20,
        69
    ],
    "76": [
        50,
        52,
        5,
        91,
        15,
        72,
        40,
        36,
        57,
        27
    ],
    "77": [
        3,
        83,
        99,
        1,
        92,
        67,
        87,
        91,
        12,
        46
    ],
    "78": [
        21,
        2,
        61,
        32,
        24,
        37,
        34,
        100,
        72,
        10
    ],
    "79": [
        91,
        52,
        14,
        80,
        85,
        31,
        36,
        34,
        33,
        69
    ],
    "80": [
        14,
        47,
        22,
        1,
        52,
        79,
        86,
        34,
        10,
        89
    ],
    "81": [
        3,
        70,
        90,
        52,
        75,
        86,
        64,
        41,
        38,
        20
    ],
    "82": [
        3,
        37,
        30,
        99,
        22,
        26,
        45,
        65,
        51,
        18
    ],
    "83": [
        92,
        28,
        93,
        100,
        67,
        3,
        31,
        77,
        41,
        12
    ],
    "84": [
        66,
        98,
        19,
        55,
        35,
        97,
        58,
        71,
        7,
        25
    ],
    "85": [
        56,
        87,
        9,
        79,
        39,
        15,
        45,
        57,
        18,
        27
    ],
    "86": [
        1,
        29,
        72,
        64,
        41,
        80,
        81,
        56,
        51,
        18
    ],
    "87": [
        85,
        65,
        91,
        5,
        46,
        57,
        49,
        77,
        25,
        41
    ],
    "88": [
        26,
        54,
        24,
        23,
        98,
        2,
        13,
        86,
        87,
        18
    ],
    "89": [
        52,
        48,
        22,
        8,
        14,
        80,
        1,
        47,
        54,
        18
    ],
    "90": [
        63,
        97,
        66,
        35,
        55,
        58,
        71,
        7,
        25,
        60
    ],
    "91": [
        79,
        9,
        72,
        6,
        76,
        87,
        16,
        49,
        77,
        7
    ],
    "92": [
        83,
        31,
        3,
        61,
        100,
        93,
        17,
        53,
        34,
        77
    ],
    "93": [
        31,
        34,
        100,
        83,
        28,
        92,
        62,
        4,
        21,
        20
    ],
    "94": [
        71,
        63,
        66,
        35,
        97,
        55,
        58,
        7,
        25,
        60
    ],
    "95": [
        2,
        59,
        50,
        11,
        70,
        100,
        78,
        91,
        57,
        10
    ],
    "96": [
        23,
        75,
        65,
        1,
        5,
        70,
        56,
        87,
        69,
        43
    ],
    "97": [
        66,
        35,
        90,
        84,
        55,
        58,
        94,
        7,
        25,
        60
    ],
    "98": [
        84,
        66,
        58,
        63,
        35,
        55,
        71,
        7,
        25,
        60
    ],
    "99": [
        40,
        75,
        52,
        37,
        45,
        24,
        73,
        22,
        77,
        46
    ],
    "100": [
        61,
        14,
        34,
        59,
        47,
        36,
        93,
        92,
        41,
        57
    ]
}