[
    {
        "UserID": 1,
        "Content": "I absolutely love visiting theme parks; the thrill of the rides is something I cherish. I've recently been focusing on financial literacy, and it's enlightening to see how it affects every aspect of life."
    },
    {
        "UserID": 1,
        "Content": "The financial literacy journey is quite an intricate web, threading through eco-friendly lifestyles and time management—an engaging and enlightening endeavor that promises a brighter future."
    },
    {
        "UserID": 2,
        "Content": "Street food is like an adventure on a plate! I always worry if I'm making the right choices when eating out, but I believe in treating myself to new flavors."
    },
    {
        "UserID": 2,
        "Content": "As a nature photography enthusiast, I often find myself concerned about the ecological impacts of our food choices, and this realization drives me to make better decisions every day."
    },
    {
        "UserID": 3,
        "Content": "While skiing down the slopes, I can't help but feel alive! But the constant pressure to balance work and play gives me a bit of anxiety."
    },
    {
        "UserID": 3,
        "Content": "The intricacies of UX design often leave me pondering, as I delve into the realms of online shopping and debate club discussions; the fusion of creativity and technology never ceases to amaze me."
    },
    {
        "UserID": 4,
        "Content": "Social justice is an essential cause I actively support; each small step counts! I sometimes feel overwhelmed by the world's injustices, but I remain hopeful."
    },
    {
        "UserID": 4,
        "Content": "Engaging in extreme sports while advocating for social justice brings a unique thrill, intertwining my passions and responsibilities in the most exhilarating way."
    },
    {
        "UserID": 5,
        "Content": "I'm excited to share my budgeting tips after planning my career! However, the uncertainty of the future keeps me on my toes."
    },
    {
        "UserID": 5,
        "Content": "My love for FPS games intertwines with my sports events interest, yet there's a constant pressure to excel that sometimes feels overwhelming."
    },
    {
        "UserID": 6,
        "Content": "Dressing up for costume parties lets me express my creative side! I wish everyone could embrace the joy of being someone else for a while."
    },
    {
        "UserID": 6,
        "Content": "The vibrant world of jazz music ignites my passion for RPG games, creating an ambiance that's as immersive as a good story—sometimes, it feels like I'm living in a fantasy."
    },
    {
        "UserID": 7,
        "Content": "I often think about how important it is to prioritize mental health awareness; it's a topic that resonates deeply with me. I hope others feel the same urgency."
    },
    {
        "UserID": 7,
        "Content": "The enchanting melodies of J-pop uplift my spirits during volunteer work; however, the constant need to be perfect in everything sometimes overwhelms me."
    },
    {
        "UserID": 8,
        "Content": "I find comfort in fantasy books and sci-fi movies; they transport me to other worlds. But, the constant quest for knowledge in AI development sometimes leaves me anxious."
    },
    {
        "UserID": 8,
        "Content": "My passion for hip-hop blends seamlessly with my love for summer vacations, and I relish every beat! Yet, I worry that I'm not making the most of my time."
    },
    {
        "UserID": 9,
        "Content": "I often get lost in the pages of romance movies; they make me feel hopeful. Yet, the fear of unfulfilled dreams lingers in my mind."
    },
    {
        "UserID": 9,
        "Content": "The thrilling twists of true crime stories intertwine with my passion for rock music, creating a captivating yet anxiety-inducing experience."
    },
    {
        "UserID": 10,
        "Content": "Public speaking has always been a challenge for me, but I strive to improve! I hope to inspire others to embrace their fears."
    },
    {
        "UserID": 10,
        "Content": "In the world of eco-friendly lifestyles, every small change contributes to a larger cause, reminding me that collective action can create significant impact."
    },
    {
        "UserID": 11,
        "Content": "The thrill of water sports makes me feel alive! I often reflect on how essential it is to enjoy life to the fullest while being mindful of my surroundings."
    },
    {
        "UserID": 11,
        "Content": "Visiting theme parks is like stepping into a world of magic! The intricate designs and thoughtfulness behind them always amaze me, though I sometimes feel overwhelmed by the crowds."
    },
    {
        "UserID": 12,
        "Content": "I love coding, but it often feels like a daunting task! Balancing productivity tips with online shopping distractions can be quite the challenge."
    },
    {
        "UserID": 12,
        "Content": "The intricate dance of leadership skills in the workplace often leads me to ponder my own growth—it's a journey filled with both triumphs and anxieties."
    },
    {
        "UserID": 13,
        "Content": "I’ve always been fascinated by mystery novels, feeling as if I'm part of the adventure! However, the fear of the unknown sometimes leaves me anxious."
    },
    {
        "UserID": 13,
        "Content": "Parkour feels like an exhilarating dance with gravity, showcasing the beauty of movement. It's a thrilling reminder that life, like art, requires creativity and courage."
    },
    {
        "UserID": 14,
        "Content": "VR experiences have opened a new world of possibilities; it’s as if the boundaries of reality have blurred. Yet, I worry about the implications of such technology on our lives."
    },
    {
        "UserID": 14,
        "Content": "Magic shows captivate my imagination, sparking a sense of wonder that often gets overshadowed by the harsh realities of life and scientific innovation."
    },
    {
        "UserID": 15,
        "Content": "I cherish my moments at the beach; they remind me of the simple joys in life. But the constant pressure of managing finances sometimes clouds my happiness."
    },
    {
        "UserID": 15,
        "Content": "Photography is an art form that tells stories without words, yet it often feels daunting to capture the essence of a moment. It's a beautiful struggle."
    },
    {
        "UserID": 16,
        "Content": "Concerts energize my spirit! I find it vital to connect with others through music, yet I often feel the weight of expectations in the hustle and bustle of life."
    },
    {
        "UserID": 16,
        "Content": "The vibrant world of rock music often intertwines with my love for mobile games, yet I can’t help but feel the anxiety of not being enough in both realms."
    },
    {
        "UserID": 17,
        "Content": "Mindfulness practices help me center myself during chaotic times. I genuinely hope others discover its benefits too; it’s life-changing!"
    },
    {
        "UserID": 17,
        "Content": "Food blogging is an adventure of flavors, yet sometimes I worry about the impact of my choices on the environment—a balancing act worth pondering."
    },
    {
        "UserID": 18,
        "Content": "While summer vacations offer a respite from routine, I often find myself anxious about what lies ahead. It's a bittersweet experience!"
    },
    {
        "UserID": 18,
        "Content": "The blend of role-playing games and magic shows creates an enchanting escape from reality, though the fleeting nature of such joy leaves me contemplative."
    },
    {
        "UserID": 19,
        "Content": "The intricacies of community service keep me grounded; it’s fulfilling to give back! However, the weight of social justice issues often weighs heavily on my heart."
    },
    {
        "UserID": 19,
        "Content": "The thrill of comedy movies brings laughter, yet I can't shake the anxiety about societal issues and my role in enacting change."
    },
    {
        "UserID": 20,
        "Content": "I love the challenge of critical thinking in study groups; it fosters growth and learning. Yet, the pressure to excel can be overwhelming."
    },
    {
        "UserID": 20,
        "Content": "The allure of webtoons captivates me, blending visual art with storytelling; it's a refreshing escape, though I sometimes feel the weight of comparison."
    },
    {
        "UserID": 21,
        "Content": "I find solace in digital art; it’s my way of expressing emotions that words often fail to convey. Yet, I worry about the sustainability of my creative journey."
    },
    {
        "UserID": 21,
        "Content": "Horror movies excite me, but they often leave me with an underlying sense of anxiety. The thrill of fear is balanced by the reality of life's uncertainties."
    },
    {
        "UserID": 22,
        "Content": "I love the thrill of language exchange; it connects me with diverse cultures! Yet, I often feel anxious about not conveying my thoughts clearly."
    },
    {
        "UserID": 22,
        "Content": "Healthy eating is not just a trend for me; it’s a lifestyle. But I sometimes grapple with the pressure to maintain perfection in my choices."
    },
    {
        "UserID": 23,
        "Content": "Activism fuels my passion for change; I feel it’s vital to stand up for what’s right. Yet, I can’t help but feel overwhelmed by the enormity of the issues."
    },
    {
        "UserID": 23,
        "Content": "Exploring creature features opens my mind to new perspectives. However, it’s disheartening to see how often reality fails to mirror these imaginative worlds."
    },
    {
        "UserID": 24,
        "Content": "I find detective stories intriguing; they challenge my intellect! But the anxiety of solving complex puzzles often leaves me second-guessing myself."
    },
    {
        "UserID": 24,
        "Content": "Travel vlogging allows me to share my adventures, yet I sometimes feel anxious about capturing the right moments that reflect my experiences."
    },
    {
        "UserID": 25,
        "Content": "I genuinely enjoy volunteering, feeling that it’s a way to connect with my community. However, the stress of balancing commitments can be overwhelming."
    },
    {
        "UserID": 25,
        "Content": "Cultural exchange experiences are enriching, yet they can also stir anxieties about miscommunication and misunderstandings."
    },
    {
        "UserID": 26,
        "Content": "MOBA games captivate me with their competitive spirit, but the pressure to perform can be stressful. It’s a fine line between fun and frustration."
    },
    {
        "UserID": 26,
        "Content": "Reality TV sometimes feels like an escape from my own life. Yet, I often worry about the influence it has on society's values."
    },
    {
        "UserID": 27,
        "Content": "Beach days rejuvenate my soul; they remind me to appreciate life’s simple pleasures. But I sometimes feel anxious about the fleeting nature of such moments."
    },
    {
        "UserID": 27,
        "Content": "I often reflect on the themes of cooking shows; they bring families together. However, the pressure to create culinary masterpieces can feel daunting."
    },
    {
        "UserID": 28,
        "Content": "The allure of foreign films captivates my imagination; they transport me to different worlds. Yet, I worry that language barriers limit our connections."
    },
    {
        "UserID": 28,
        "Content": "Camping trips with friends bring joy, but I often feel anxious about the unpredictability of nature and how it mirrors life’s uncertainties."
    },
    {
        "UserID": 29,
        "Content": "I find inspiration in DnD; it’s a beautiful blend of creativity and teamwork. Yet, I sometimes grapple with self-doubt when it comes to storytelling."
    },
    {
        "UserID": 29,
        "Content": "Theme nights are a delightful escape! However, I can't shake the anxiety of making everything perfect for my friends."
    },
    {
        "UserID": 30,
        "Content": "Creative writing allows me to explore my inner thoughts; it's a form of therapy. Yet, the fear of judgment often stifles my creativity."
    },
    {
        "UserID": 30,
        "Content": "Debate club challenges my perspectives and helps me grow. Still, I often feel the weight of expectations in articulating my thoughts."
    },
    {
        "UserID": 31,
        "Content": "Detective stories pique my curiosity, often immersing me in thrilling plots. However, I sometimes worry that reality lacks such captivating narratives."
    },
    {
        "UserID": 31,
        "Content": "The thrill of action movies fuels my adrenaline; they remind me of my own aspirations! Yet, I can’t shake the feeling of anxiety they often evoke."
    },
    {
        "UserID": 32,
        "Content": "I cherish the eco-friendly lifestyle; it’s a commitment to our planet. Yet, I frequently grapple with the anxiety of living up to those ideals."
    },
    {
        "UserID": 32,
        "Content": "Live streaming is an exhilarating experience that connects me with others. However, the pressure to entertain can be overwhelming at times."
    },
    {
        "UserID": 33,
        "Content": "Creative writing allows me to voice my thoughts; it’s both liberating and daunting. I often feel anxious about whether my words resonate."
    },
    {
        "UserID": 33,
        "Content": "Fitness goals motivate me to challenge myself; I thrive on progress! Yet, the fear of falling short sometimes casts a shadow over my achievements."
    },
    {
        "UserID": 34,
        "Content": "Sci-fi movies transport me to fantastical realms; they ignite my imagination! But I often worry that I’ll never find such adventure in real life."
    },
    {
        "UserID": 34,
        "Content": "Manga provides a beautiful escape; I can lose myself in vibrant worlds. Still, the anxiety of facing reality often lingers after I close the pages."
    },
    {
        "UserID": 35,
        "Content": "The thrill of haunted places fascinates me, drawing me into their eerie stories. Yet, I can’t help but feel anxious about the unknown lurking within."
    },
    {
        "UserID": 35,
        "Content": "Food blogging is my creative outlet; it lets me share my passion. However, the pressure to produce perfect content can be daunting."
    },
    {
        "UserID": 36,
        "Content": "Comics serve as a source of inspiration; they blend art and storytelling beautifully. Still, I sometimes feel anxious about my own artistic abilities."
    },
    {
        "UserID": 36,
        "Content": "Puzzle solving challenges my mind; it’s like a workout for my brain! Yet, the frustration of not finding the solution can be overwhelming."
    },
    {
        "UserID": 37,
        "Content": "Parkour excites me; it’s a thrilling way to explore my surroundings! However, the fear of injury often holds me back from fully embracing it."
    },
    {
        "UserID": 37,
        "Content": "Extreme sports push my limits; they teach me resilience. Yet, I often worry about the risks involved in pursuing such adrenaline-fueled activities."
    },
    {
        "UserID": 38,
        "Content": "Data science fuels my curiosity about patterns; it’s like solving a complex mystery! Yet, the vastness of the field can be quite overwhelming."
    },
    {
        "UserID": 38,
        "Content": "Summer vacations are a time for relaxation and adventure; I cherish every moment! But I often feel anxious about the inevitable return to routine."
    },
    {
        "UserID": 39,
        "Content": "Academic research drives my passion for knowledge; it feels fulfilling to discover new ideas. Yet, the pressure to publish can be quite anxiety-inducing."
    },
    {
        "UserID": 39,
        "Content": "Jazz music resonates deeply with me; it brings a sense of peace. Still, I sometimes worry that I won't have enough time to explore all its nuances."
    },
    {
        "UserID": 40,
        "Content": "Beach days are my sanctuary; the sound of waves calms my soul. However, I often feel anxious about the fleeting nature of such moments."
    },
    {
        "UserID": 40,
        "Content": "Stand-up comedy inspires me to find humor in everyday life. Yet, the fear of performing can be overwhelming at times."
    },
    {
        "UserID": 41,
        "Content": "Cooking shows ignite my creativity; they inspire me to experiment in the kitchen! Yet, the fear of failure often holds me back from trying new recipes."
    },
    {
        "UserID": 41,
        "Content": "Personal finance management gives me a sense of control; it's empowering! But I often feel anxious about the unpredictability of financial markets."
    },
    {
        "UserID": 42,
        "Content": "Language exchange enriches my understanding of different cultures; it’s a rewarding experience. However, I sometimes feel anxious about making mistakes."
    },
    {
        "UserID": 42,
        "Content": "FPS games are thrilling; they sharpen my reflexes and strategy skills. Still, I worry about the time I spend gaming instead of being productive."
    },
    {
        "UserID": 43,
        "Content": "Horror movies captivate my imagination; they immerse me in chilling narratives. Yet, I often feel anxious long after the credits roll."
    },
    {
        "UserID": 43,
        "Content": "Philosophy discussions broaden my perspective; they encourage deep thinking. However, the complexity of these topics can sometimes feel overwhelming."
    },
    {
        "UserID": 44,
        "Content": "Reality TV offers an intriguing glimpse into others' lives; it's both entertaining and insightful! Yet, I often feel anxious about its impact on societal norms."
    },
    {
        "UserID": 44,
        "Content": "Mental health awareness is crucial; it helps foster understanding and compassion. However, I worry about the stigma still surrounding mental health issues."
    },
    {
        "UserID": 45,
        "Content": "RPG games allow me to escape into fantastical worlds; they spark my imagination! Yet, I often feel anxious about the time I invest in them."
    },
    {
        "UserID": 45,
        "Content": "Card games bring friends together; they create moments of joy and laughter. Still, I worry about not being strategic enough to win."
    },
    {
        "UserID": 46,
        "Content": "Retro gaming takes me back to simpler times; it's nostalgic and comforting. However, I sometimes feel anxious about keeping up with new trends."
    },
    {
        "UserID": 46,
        "Content": "Networking events can be thrilling; they provide opportunities for growth. Yet, the pressure to make connections can be overwhelming."
    },
    {
        "UserID": 47,
        "Content": "Internship hunting is both exciting and daunting; it shapes my future! Yet, the constant rejections make me anxious about my potential."
    },
    {
        "UserID": 47,
        "Content": "Budgeting tips empower me to manage my finances better; they bring peace of mind. Still, I often feel overwhelmed by unexpected expenses."
    },
    {
        "UserID": 48,
        "Content": "Social media allows me to connect with friends; it’s a vital part of my life! Yet, I sometimes feel anxious about its impact on mental health."
    },
    {
        "UserID": 48,
        "Content": "Summer vacations are a time for relaxation and adventure; they rejuvenate my spirit! However, the anticipation often leads to anxiety about planning."
    },
    {
        "UserID": 49,
        "Content": "True crime stories fascinate me; they unveil the complexities of human nature. Yet, I worry that they might affect my perception of safety."
    },
    {
        "UserID": 49,
        "Content": "Sustainability inspires me to make eco-friendly choices; it feels like a responsibility. Still, I sometimes feel overwhelmed by the scale of the problem."
    },
    {
        "UserID": 50,
        "Content": "The sci-fi fantasy genre captivates my imagination; I lose myself in those worlds! However, I sometimes feel anxious about reality."
    },
    {
        "UserID": 50,
        "Content": "Indie music resonates with my soul; it brings me comfort! Yet, I often worry that it won't get the recognition it deserves."
    },
    {
        "UserID": 51,
        "Content": "Financial literacy is crucial; it empowers me to secure my future! However, I often feel anxious about making investment choices."
    },
    {
        "UserID": 51,
        "Content": "Debate club sharpens my critical thinking; it’s exhilarating! Yet, the fear of losing arguments can be daunting."
    },
    {
        "UserID": 52,
        "Content": "Role playing allows me to explore different identities; it’s liberating! Still, I sometimes feel anxious about how others perceive my choices."
    },
    {
        "UserID": 52,
        "Content": "FPS games challenge my reflexes; they provide thrilling competition! Yet, I worry about the time I spend immersed in virtual worlds."
    },
    {
        "UserID": 53,
        "Content": "Memes make me laugh; they reflect our culture in a fun way! However, I feel anxious when trying to stay relevant in trends."
    },
    {
        "UserID": 53,
        "Content": "Fantasy movies transport me to magical realms; they ignite my imagination. Yet, I sometimes feel overwhelmed by their complexities."
    },
    {
        "UserID": 54,
        "Content": "Creature features thrill me; they reveal the wonders of our imagination! Still, I often find myself anxious about the scary elements."
    },
    {
        "UserID": 54,
        "Content": "Debate club inspires me to voice my opinions; it’s empowering! Yet, I worry about the backlash from differing views."
    },
    {
        "UserID": 55,
        "Content": "Public speaking is daunting but rewarding; it helps me grow! However, I often feel anxious about being judged by the audience."
    },
    {
        "UserID": 55,
        "Content": "Romance movies remind me of love’s beauty; they tug at my heartstrings. Still, I sometimes feel overwhelmed by unrealistic expectations."
    },
    {
        "UserID": 56,
        "Content": "Karaoke lets me express myself; it’s a joyful escape! Yet, I often feel anxious about hitting the right notes."
    },
    {
        "UserID": 56,
        "Content": "Comics bring my favorite characters to life; they spark my imagination! However, I worry about falling behind in new releases."
    },
    {
        "UserID": 57,
        "Content": "Meditation practice calms my mind; it’s essential for my well-being. Still, I often feel anxious about maintaining consistency."
    },
    {
        "UserID": 57,
        "Content": "Budgeting tips empower me to manage my finances; they’re invaluable! However, I find myself stressed about unexpected expenses."
    },
    {
        "UserID": 58,
        "Content": "Community service fulfills me; it’s rewarding to give back! Yet, I sometimes feel overwhelmed by the needs of others."
    },
    {
        "UserID": 58,
        "Content": "Theme parks are thrilling adventures; they bring joy to my life! However, I often feel anxious about the long lines and crowds."
    },
    {
        "UserID": 59,
        "Content": "DnD allows me to create epic stories; it’s an exhilarating experience! Yet, I worry about balancing my time between reality and fantasy."
    },
    {
        "UserID": 59,
        "Content": "Reality TV is a guilty pleasure; it’s entertaining and dramatic! Still, I often feel anxious about its impact on my perception of reality."
    },
    {
        "UserID": 60,
        "Content": "J-pop energizes me; it fills my days with vibrant melodies! However, I sometimes feel overwhelmed by the fast-paced trends in music."
    },
    {
        "UserID": 60,
        "Content": "AI development fascinates me; it’s the future of technology! Yet, I worry about the ethical implications of our creations."
    },
    {
        "UserID": 61,
        "Content": "Academic research excites me; it fuels my curiosity! Yet, I often feel anxious about meeting deadlines."
    },
    {
        "UserID": 61,
        "Content": "Horror stories captivate me; they send chills down my spine! However, I worry about the nightmares they might bring."
    },
    {
        "UserID": 62,
        "Content": "Puzzle solving sharpens my mind; it’s a fun challenge! Still, I sometimes feel stressed when I can’t find the solution quickly."
    },
    {
        "UserID": 62,
        "Content": "Action movies thrill me; they keep my adrenaline pumping! Yet, I worry about the unrealistic portrayals of heroism."
    },
    {
        "UserID": 63,
        "Content": "Romance movies fill my heart with warmth; they inspire me! However, I often feel anxious about my own romantic life."
    },
    {
        "UserID": 63,
        "Content": "Hip-hop beats energize me; they keep me moving! Yet, I sometimes feel overwhelmed by the messages in some lyrics."
    },
    {
        "UserID": 64,
        "Content": "Snowboarding gives me a rush; it’s a thrilling escape! Yet, I worry about the risks involved in the sport."
    },
    {
        "UserID": 64,
        "Content": "Nature photography allows me to capture beauty; it brings me peace! However, I often feel anxious about missing the perfect shot."
    },
    {
        "UserID": 65,
        "Content": "Card games are a fun way to bond; they bring friends together! Yet, I sometimes feel stressed about winning."
    },
    {
        "UserID": 65,
        "Content": "Karaoke nights are the highlight of my week; they are filled with laughter! However, I worry about forgetting the lyrics."
    },
    {
        "UserID": 66,
        "Content": "Concerts inspire me; the energy is unmatched! Still, I often feel anxious about crowded venues."
    },
    {
        "UserID": 66,
        "Content": "Meditation practice calms my mind; it’s my refuge! However, I sometimes struggle to stay focused during sessions."
    },
    {
        "UserID": 67,
        "Content": "Resume building is crucial for my future; I take it seriously! Yet, I feel overwhelmed by the competition."
    },
    {
        "UserID": 67,
        "Content": "Skateboarding gives me freedom; it’s exhilarating! However, I often worry about falling and getting hurt."
    },
    {
        "UserID": 68,
        "Content": "Costume parties are a blast; they let me express myself! Yet, I feel anxious about how others perceive my outfits."
    },
    {
        "UserID": 68,
        "Content": "Movie marathons bring me joy; I love getting lost in stories! Still, I sometimes feel guilty about binge-watching."
    },
    {
        "UserID": 69,
        "Content": "Activism fuels my passion; I believe in making a difference! Yet, I often feel overwhelmed by the challenges we face."
    },
    {
        "UserID": 69,
        "Content": "Critical thinking sharpens my skills; it’s essential for growth! However, I worry about overthinking decisions."
    },
    {
        "UserID": 70,
        "Content": "Internship hunting excites me; it’s a chance to learn! Yet, I feel anxious about not landing a position."
    },
    {
        "UserID": 70,
        "Content": "Celebrity gossip is a guilty pleasure; it’s entertaining! Still, I sometimes feel guilty about indulging in it."
    },
    {
        "UserID": 71,
        "Content": "Fan fiction lets my imagination soar; I love creating new worlds! Yet, I worry if my stories resonate with others."
    },
    {
        "UserID": 71,
        "Content": "Classical music brings peace to my chaotic life; it’s soothing! However, I sometimes feel nostalgic and melancholic."
    },
    {
        "UserID": 72,
        "Content": "Cooking shows inspire me to experiment; it’s my creative outlet! Still, I often feel anxious about hosting friends."
    },
    {
        "UserID": 72,
        "Content": "Street food adventures are thrilling; I enjoy discovering new flavors! Yet, I worry about food safety at times."
    },
    {
        "UserID": 73,
        "Content": "Cultural exchange broadens my perspective; I cherish diversity! However, I sometimes feel overwhelmed by cultural differences."
    },
    {
        "UserID": 73,
        "Content": "Stand-up comedy always lifts my spirits; laughter is essential! Yet, I often feel anxious before performing."
    },
    {
        "UserID": 74,
        "Content": "Webtoons captivate my attention; the art is stunning! However, I sometimes feel guilty for spending too much time reading."
    },
    {
        "UserID": 74,
        "Content": "Eco-friendly lifestyle choices make me proud; they matter! Yet, I worry about the impact of my efforts."
    },
    {
        "UserID": 75,
        "Content": "Celebrity gossip intrigues me; it’s fascinating to peek behind the curtain! Still, I feel guilty about indulging in it."
    },
    {
        "UserID": 75,
        "Content": "Live streaming connects me with others; it’s an exciting experience! However, I often feel anxious before going live."
    },
    {
        "UserID": 76,
        "Content": "Budgeting tips help me save; I love seeing my finances grow! Yet, I often feel stressed about unexpected expenses."
    },
    {
        "UserID": 76,
        "Content": "Indie music sets the mood; it resonates with my soul! Still, I sometimes feel overwhelmed by the sheer volume of choices."
    },
    {
        "UserID": 77,
        "Content": "Haunted places intrigue me; they’re thrilling! However, I often feel anxious exploring alone at night."
    },
    {
        "UserID": 77,
        "Content": "Leadership skills empower me; I strive to inspire others! Yet, I worry about my ability to lead effectively."
    },
    {
        "UserID": 78,
        "Content": "Parkour is exhilarating; it challenges my limits! Yet, I sometimes feel anxious about injuries."
    },
    {
        "UserID": 78,
        "Content": "Coding is a passion of mine; it’s like solving a puzzle! However, I often feel overwhelmed by complex problems."
    },
    {
        "UserID": 79,
        "Content": "VR experiences are mind-blowing; they transport me to new worlds! Yet, I sometimes feel dizzy afterward."
    },
    {
        "UserID": 79,
        "Content": "Fitness goals keep me motivated; I love the journey! However, I often feel anxious about meeting expectations."
    },
    {
        "UserID": 80,
        "Content": "Digital art allows me to express myself; it’s freeing! Yet, I sometimes feel overwhelmed by self-doubt."
    },
    {
        "UserID": 80,
        "Content": "Mental health awareness is vital; I advocate for it! Still, I often feel anxious discussing my struggles."
    },
    {
        "UserID": 81,
        "Content": "Stand-up comedy always brightens my day; laughter is the best medicine! Yet, I sometimes feel anxious before performing."
    },
    {
        "UserID": 81,
        "Content": "Water sports invigorate me; the thrill of the waves is unmatched! However, I often worry about safety."
    },
    {
        "UserID": 82,
        "Content": "Healthy eating fuels my body; I feel great! Yet, I sometimes feel stressed when making food choices."
    },
    {
        "UserID": 82,
        "Content": "Drama movies captivate my emotions; I love the storytelling! However, I often feel overwhelmed by their intensity."
    },
    {
        "UserID": 83,
        "Content": "Charity events warm my heart; helping others is fulfilling! Yet, I sometimes feel anxious about fundraising goals."
    },
    {
        "UserID": 83,
        "Content": "Anime fandom connects me with others; it’s a community! However, I sometimes feel excluded from discussions."
    },
    {
        "UserID": 84,
        "Content": "Financial literacy is crucial; I strive to be savvy! Yet, I often feel anxious about investing."
    },
    {
        "UserID": 84,
        "Content": "Escape rooms challenge my problem-solving skills; they’re thrilling! However, I sometimes feel pressured to perform."
    },
    {
        "UserID": 85,
        "Content": "Mindfulness helps me stay centered; it’s a game changer! Yet, I often feel distracted during practice."
    },
    {
        "UserID": 85,
        "Content": "Photography captures beauty; it allows me to see the world differently! Yet, I sometimes feel overwhelmed by competition."
    },
    {
        "UserID": 86,
        "Content": "Cooking shows inspire my culinary adventures; I love experimenting! Yet, I sometimes feel anxious about recipes."
    },
    {
        "UserID": 86,
        "Content": "Snowboarding gives me an adrenaline rush; it's exhilarating! However, I worry about injuries."
    },
    {
        "UserID": 87,
        "Content": "Board games bring friends together; it’s always a blast! Yet, I sometimes feel pressure to win."
    },
    {
        "UserID": 87,
        "Content": "Volunteer work enriches my life; giving back feels amazing! However, I sometimes feel overwhelmed by commitments."
    },
    {
        "UserID": 88,
        "Content": "Creature features spark my imagination; they’re so fascinating! Yet, I sometimes feel anxious about horror elements."
    },
    {
        "UserID": 88,
        "Content": "Fantasy books transport me to other worlds; they’re enchanting! However, I sometimes feel overwhelmed by lengthy series."
    },
    {
        "UserID": 89,
        "Content": "Travel vlogging allows me to share my adventures; it’s thrilling! Yet, I often feel anxious about logistics."
    },
    {
        "UserID": 89,
        "Content": "Healthy eating is vital; I focus on nourishment! However, I sometimes feel stressed about meal prep."
    },
    {
        "UserID": 90,
        "Content": "Skateboarding is a passion; it’s all about freedom! Yet, I often feel anxious about tricks."
    },
    {
        "UserID": 90,
        "Content": "J-pop energizes me; it’s my daily soundtrack! However, I sometimes feel overwhelmed by the vast genres."
    },
    {
        "UserID": 91,
        "Content": "Memes brighten my day; they’re a source of joy! Yet, I sometimes feel anxious about keeping up with trends."
    },
    {
        "UserID": 91,
        "Content": "Rock music is my therapy; it resonates deeply! However, I often feel overwhelmed by the sheer number of genres."
    },
    {
        "UserID": 92,
        "Content": "Detective stories intrigue me; I love solving mysteries! Yet, I often feel anxious about plot twists."
    },
    {
        "UserID": 92,
        "Content": "Mindfulness practices ground me; they bring peace! However, I sometimes feel overwhelmed by distractions."
    },
    {
        "UserID": 93,
        "Content": "Action movies thrill me; the excitement is unmatched! Yet, I worry about the effects of violence in media."
    },
    {
        "UserID": 93,
        "Content": "Romance movies warm my heart; they’re so uplifting! However, I sometimes feel anxious about relationships."
    },
    {
        "UserID": 94,
        "Content": "Stand-up comedy is my favorite escape; laughter is powerful! Yet, I often feel pressure to be funny."
    },
    {
        "UserID": 94,
        "Content": "Pet lover; my furry friends bring joy! However, I sometimes worry about their health."
    },
    {
        "UserID": 95,
        "Content": "Street food is an adventure; each bite is unique! Yet, I often feel anxious about food safety."
    },
    {
        "UserID": 95,
        "Content": "Theme parks are my happy place; they’re pure magic! However, I sometimes feel overwhelmed by crowds."
    },
    {
        "UserID": 96,
        "Content": "Activism drives me; making a difference is crucial! Yet, I often feel anxious about the challenges ahead."
    },
    {
        "UserID": 96,
        "Content": "Karaoke is my passion; singing brings me joy! However, I sometimes worry about my performance."
    },
    {
        "UserID": 97,
        "Content": "Community service is fulfilling; helping others is vital! Yet, I often feel overwhelmed by the need for change."
    },
    {
        "UserID": 97,
        "Content": "Jazz music soothes my soul; it’s a beautiful escape! However, I sometimes feel anxious about keeping up with new artists."
    },
    {
        "UserID": 98,
        "Content": "Sports events energize me; the thrill is unmatched! Yet, I worry about injuries in sports."
    },
    {
        "UserID": 98,
        "Content": "Online shopping is convenient; I love finding deals! However, I sometimes feel anxious about impulse buying."
    },
    {
        "UserID": 99,
        "Content": "Coding fascinates me; it's like solving puzzles! Yet, I often feel overwhelmed by the constant learning curve."
    },
    {
        "UserID": 99,
        "Content": "Haunted places excite my curiosity; the stories are captivating! However, I sometimes feel anxious about exploring them."
    },
    {
        "UserID": 100,
        "Content": "VR experiences transport me to new worlds; it's exhilarating! Yet, I worry about the impact of technology on reality."
    },
    {
        "UserID": 100,
        "Content": "Photography captures moments; it’s an art form I adore! However, I sometimes feel pressured to get the perfect shot."
    }
]